Longitude,Latitude
121.21381222504066,31.288285141083847
121.21373570329385,31.292342247434117
121.21373570329385,31.292342247434117
121.21373570329385,31.292342247434117
121.21270241639733,31.29052423948438
121.2116521436503,31.289607802538782
121.21113552942286,31.288698792044745
121.20956018067179,31.287324116056983
121.20956018067179,31.287324116056983
121.20956018067179,31.287324116056983
121.21113552942286,31.288698792044745
121.21321905505518,31.291433244372598
121.21113552942286,31.288698792044745
121.2095942650078,31.285520960724664
121.21013640312901,31.28507760958731
121.21013640312901,31.28507760958731
121.21383772885211,31.28693277169295
121.21223575453311,31.285859179066907
121.20961982625012,31.284168593870987
121.20961982625012,31.284168593870987
121.20961982625012,31.284168593870987
121.20961982625012,31.284168593870987
121.21381222504066,31.288285141083847
121.20961982625012,31.284168593870987
121.20961982625012,31.284168593870987
121.21384622974068,31.286481981828494
121.21280449366623,31.285114765265334
121.20961982625012,31.284168593870987
121.20639254884335,31.285476286744842
121.2095687020429,31.28687332727454
121.21320204381153,31.292334823063474
121.21320204381153,31.292334823063474
121.21268540084401,31.291425818048378
121.21269390871623,31.29097502878325
121.2116606558316,31.28915701340066
121.21140573521593,31.28889439161522
121.21113552942286,31.288698792044745
121.21113552942286,31.288698792044745
121.21270241639733,31.29052423948438
121.21270241639733,31.29052423948438
121.21321054952888,31.29188403373491
121.21321054952888,31.29188403373491
121.21320204381153,31.292334823063474
121.21320204381153,31.292334823063474
121.21320204381153,31.292334823063474
121.21320204381153,31.292334823063474
121.21270241639733,31.29052423948438
121.213261579821,31.289179297054755
121.213261579821,31.289179297054755
121.21060189122126,31.288691357645572
121.21060189122126,31.288691357645572
121.21430336440017,31.29054651102541
121.21060189122126,31.288691357645572
121.21051390883318,31.285138343668912
121.21013640312901,31.28507760958731
121.2095857442109,31.28597174960838
121.2095772232226,31.286422538458346
121.2096368661214,31.283267015799765
121.21010232970379,31.286880765579326
121.21009381086911,31.287331554492937
121.21061892477424,31.28778977972486
121.21113552942286,31.288698792044745
121.2116606558316,31.28915701340066
121.2116606558316,31.28915701340066
121.2116606558316,31.28915701340066
121.212177277484,31.2900660220051
121.21270241639733,31.29052423948438
121.21270241639733,31.29052423948438
121.21321905505518,31.291433244372598
121.21321054952888,31.29188403373491
121.21320204381153,31.292334823063474
121.21314774903857,31.292064639373677
121.21320204381153,31.292334823063474
121.21221982475117,31.2878120754906
121.21221982475117,31.2878120754906
121.21221982475117,31.2878120754906
121.21221982475117,31.2878120754906
121.21167767962062,31.288255435023142
121.21167767962062,31.288255435023142
121.2111440437584,31.288248002970175
121.2121602572391,31.290967600374625
121.2121602572391,31.290967600374625
121.212177277484,31.2900660220051
121.21270241639733,31.29052423948438
121.21054226775937,31.29184687930477
121.21001713274559,31.291388653196424
121.20788252181926,31.291358881438022
121.20788252181926,31.291358881438022
121.20841617425457,31.291366327700686
121.20822046671628,31.291400612764637
121.2068152175415,31.291343982266596
121.20573937301035,31.291779861759217
121.21061892477424,31.28778977972486
121.20411276453535,31.293109843890186
121.20411276453535,31.293109843890186
121.20357910353438,31.293102379378205
121.21061892477424,31.28778977972486
121.20251178212676,31.29308744370775
121.20198668110004,31.2926291860464
121.20198668110004,31.2926291860464
121.20198668110004,31.2926291860464
121.20198668110004,31.2926291860464
121.2014701466858,31.29172013996066
121.20202091669674,31.29082603969713
121.2031138717962,31.289488617574623
121.20418970070438,31.289052759408243
121.20419824820756,31.288601972074716
121.20591229059414,31.287507498023437
121.20530822933753,31.286362953331583
121.20584185288128,31.2863704092247
121.213261579821,31.289179297054755
121.20639254884335,31.285476286744842
121.20855260195535,31.284153712191163
121.2096368661214,31.283267015799765
121.21014492100697,31.284626820504922
121.2107211100238,31.28238030936523
121.2107211100238,31.28238030936523
121.2107211100238,31.28238030936523
121.21233042528463,31.281951810604102
121.21286402603437,31.28195923639327
121.21339762698112,31.281966659967857
121.21014492100697,31.284626820504922
121.21393122812479,31.28197408132787
121.21446482946536,31.281981500473304
121.21067853618385,31.28463425593908
121.2140261075221,31.281085026589675
121.21067853618385,31.28463425593908
121.21604865680533,31.28290532603848
121.21604865680533,31.28290532603848
121.21655680338885,31.284265108850533
121.21492197896549,31.2860460303615
121.21492197896549,31.2860460303615
121.21437985644219,31.28648940228243
121.21437985644219,31.28648940228243
121.21437985644219,31.28648940228243
121.21383772885211,31.28693277169295
121.21329559619511,31.28737613859296
121.21014492100697,31.284626820504922
121.21329559619511,31.28737613859296
121.21379522154488,31.289186720509047
121.21381222504066,31.288285141083847
121.21167767962062,31.288255435023142
121.21166916782171,31.28870622422878
121.21174312010466,31.2896455596708
121.2116521436503,31.289607802538782
121.2116521436503,31.289607802538782
121.2138207265021,31.287834351320633
121.20961982625012,31.284168593870987
121.20909473657137,31.28371036525092
121.20909473657137,31.28371036525092
121.20909473657137,31.28371036525092
121.20909473657137,31.28371036525092
121.20909473657137,31.28371036525092
121.20801046227318,31.28459705662039
121.21653982869181,31.285166690190902
121.2107211100238,31.28238030936523
121.21179682473195,31.28194438260037
121.21393122812479,31.28197408132787
121.21446482946536,31.281981500473304
121.21499843100274,31.28198891740416
121.21552354136517,31.282447122714764
121.21588656217565,31.282565486717864
121.21655680338885,31.284265108850533
121.21599771864136,31.285610069477844
121.21599771864136,31.285610069477844
121.2154640964221,31.285602655930315
121.21804739875003,31.290147609777677
121.21545560352432,31.286053446254712
121.21437985644219,31.28648940228243
121.21437985644219,31.28648940228243
121.21599771864136,31.285610069477844
121.21437135809003,31.286940192277747
121.21437135809003,31.286940192277747
121.21437135809003,31.286940192277747
121.21437135809003,31.286940192277747
121.21383772885211,31.28693277169295
121.21221982475117,31.2878120754906
121.21221982475117,31.2878120754906
121.21113552942286,31.288698792044745
121.21163605374397,31.288448815280585
121.2116606558316,31.28915701340066
121.21218578731973,31.2896152327697
121.21218578731973,31.2896152327697
121.21218578731973,31.2896152327697
121.21270241639733,31.29052423948438
121.21270241639733,31.29052423948438
121.21321054952888,31.29188403373491
121.21270241639733,31.29052423948438
121.21319353790314,31.292785612358287
121.21265987608072,31.29277818564122
121.21211770328155,31.293221545707766
121.2115840393162,31.293214114428647
121.2121942969643,31.28916444350056
121.21265136744407,31.29322897477133
121.21265136744407,31.29322897477133
121.20838205966757,31.293169480227625
121.20624741051905,31.293139679783025
121.20696589744514,31.29311283370723
121.20411276453535,31.293109843890186
121.2030454427315,31.293094912650727
121.2030454427315,31.293094912650727
121.20146158515351,31.292170926399322
121.2014872691735,31.290818566982004
121.2014872691735,31.290818566982004
121.20256312029996,31.290382723393456
121.20530822933753,31.286362953331583
121.20421534263797,31.287700397306377
121.20856112705873,31.28370292343487
121.20908621400402,31.284161154138456
121.20639254884335,31.285476286744842
121.20747684808347,31.284589610112292
121.20747684808347,31.284589610112292
121.20856112705873,31.28370292343487
121.20856112705873,31.28370292343487
121.2069261677101,31.285483737945288
121.20744869707912,31.28494901062589
121.20638401282895,31.285927074840735
121.20908621400402,31.284161154138456
121.20909473657137,31.28371036525092
121.20801046227318,31.28459705662039
121.21233042528463,31.281951810604102
121.21339762698112,31.281966659967857
121.21499843100274,31.28198891740416
121.21655680338885,31.284265108850533
121.21599771864136,31.285610069477844
121.21653982869181,31.285166690190902
121.21437985644219,31.28648940228243
121.21062744126377,31.287338990713863
121.21437135809003,31.286940192277747
121.21437135809003,31.286940192277747
121.21437135809003,31.286940192277747
121.21437135809003,31.286940192277747
121.21437135809003,31.286940192277747
121.21373557333786,31.286588179988723
121.21437135809003,31.286940192277747
121.21383772885211,31.28693277169295
121.21383772885211,31.28693277169295
121.21329559619511,31.28737613859296
121.21167767962062,31.288255435023142
121.21113552942286,31.288698792044745
121.21113552942286,31.288698792044745
121.212177277484,31.2900660220051
121.21270241639733,31.29052423948438
121.21269390871623,31.29097502878325
121.21269390871623,31.29097502878325
121.21319353790314,31.292785612358287
121.21051671197716,31.293199245223786
121.21051671197716,31.293199245223786
121.20998304860362,31.293191807298044
121.20998304860362,31.293191807298044
121.20944938542748,31.29318436715677
121.208878883643,31.292724575189073
121.20838205966757,31.293169480227625
121.20731473469795,31.29315458443636
121.20678107250963,31.293147133217456
121.20624741051905,31.293139679783025
121.20624741051905,31.293139679783025
121.20518008713137,31.293124766267624
121.20518008713137,31.293124766267624
121.20518008713137,31.293124766267624
121.20518008713137,31.293124766267624
121.2030454427315,31.293094912650727
121.20198668110004,31.2926291860464
121.20198668110004,31.2926291860464
121.20197812172024,31.29307997254928
121.20197812172024,31.29307997254928
121.20198668110004,31.2926291860464
121.20198668110004,31.2926291860464
121.2014787080258,31.291269353488225
121.20149244685265,31.291908696783853
121.20202091669674,31.29082603969713
121.20256312029996,31.290382723393456
121.20419824820756,31.288601972074716
121.2014787080258,31.291269353488225
121.21265136744407,31.29322897477133
121.20474042881241,31.28815864555663
121.20420679551876,31.288151184707434
121.2025716759895,31.2899319365562
121.2042238895652,31.28724960987155
121.20476606198473,31.28680628285747
121.20423243630043,31.286798822402957
121.20530822933753,31.286362953331583
121.20908621400402,31.284161154138456
121.20638401282895,31.285927074840735
121.20639254884335,31.285476286744842
121.2069261677101,31.285483737945288
121.20693470099657,31.28503294968424
121.20698079843191,31.28497405191258
121.20855260195535,31.284153712191163
121.20856112705873,31.28370292343487
121.20908621400402,31.284161154138456
121.20908621400402,31.284161154138456
121.20908621400402,31.284161154138456
121.20908621400402,31.284161154138456
121.20908621400402,31.284161154138456
121.20908621400402,31.284161154138456
121.20908621400402,31.284161154138456
121.20908621400402,31.284161154138456
121.20908621400402,31.284161154138456
121.20908621400402,31.284161154138456
121.20908621400402,31.284161154138456
121.20908621400402,31.284161154138456
121.20908621400402,31.284161154138456
121.20908621400402,31.284161154138456
121.20908621400402,31.284161154138456
121.2089136213494,31.284951407011846
121.20907769124521,31.284611942992232
121.20856112705873,31.28370292343487
121.20852702549615,31.2855060782575
121.20799340603655,31.285498633701618
121.2096368661214,31.283267015799765
121.20476606198473,31.28680628285747
121.20526552006595,31.288616891821132
121.20578207631354,31.28952592379409
121.20523989220047,31.289969254509664
121.20470624856226,31.28996179534943
121.2041555087716,31.2908559084046
121.2041640570428,31.290405121206174
121.2041555087716,31.2908559084046
121.2041555087716,31.2908559084046
121.20855260195535,31.284153712191163
121.20574791405467,31.291329074233726
121.2062815656992,31.29133652935785
121.20863921224591,31.29137262688397
121.2094834797178,31.291381213579893
121.2094834797178,31.291381213579893
121.2094834797178,31.291381213579893
121.21055078597075,31.29139609059759
121.21055078597075,31.29139609059759
121.21113552942286,31.288698792044745
121.2121602572391,31.290967600374625
121.21269390871623,31.29097502878325
121.21269390871623,31.29097502878325
121.21270241639733,31.29052423948438
121.212177277484,31.2900660220051
121.2116606558316,31.28915701340066
121.2116606558316,31.28915701340066
121.21167767962062,31.288255435023142
121.21221982475117,31.2878120754906
121.21329559619511,31.28737613859296
121.21014492100697,31.284626820504922
121.2135770975747,31.285679386421414
121.21391422997539,31.282875661697954
121.21339762698112,31.281966659967857
121.21339762698112,31.281966659967857
121.21179682473195,31.28194438260037
121.21179682473195,31.28194438260037
121.211254712718,31.282387741929174
121.2101789906055,31.28282366383782
121.2107211100238,31.28238030936523
121.2107211100238,31.28238030936523
121.2101789906055,31.28282366383782
121.21017047349285,31.28327445305523
121.2096368661214,31.283267015799765
121.20909473657137,31.28371036525092
121.20908621400402,31.284161154138456
121.20573937301035,31.291779861759217
121.20908621400402,31.284161154138456
121.20908621400402,31.284161154138456
121.20911775987848,31.284692651099647
121.20907769124521,31.284611942992232
121.20907769124521,31.284611942992232
121.20907769124521,31.284611942992232
121.20907769124521,31.284611942992232
121.20799340603655,31.285498633701618
121.20745978677452,31.285491186930884
121.20639254884335,31.285476286744842
121.2095772232226,31.286422538458346
121.20529968786695,31.286813741097028
121.20529968786695,31.286813741097028
121.20476606198473,31.28680628285747
121.20475751778588,31.287257070457624
121.20475751778588,31.287257070457624
121.20420679551876,31.288151184707434
121.20420679551876,31.288151184707434
121.20420679551876,31.288151184707434
121.20473188403778,31.28860943305548
121.20525983559442,31.28876579947721
121.20578207631354,31.28952592379409
121.20524843501418,31.289518466980585
121.20523989220047,31.289969254509664
121.20470624856226,31.28996179534943
121.2041555087716,31.2908559084046
121.2041555087716,31.2908559084046
121.20469770301986,31.290412582713195
121.20523134919488,31.290420042004957
121.20522280599738,31.290870829466492
121.20521426260798,31.291321616894262
121.2101789906055,31.28282366383782
121.2062815656992,31.29133652935785
121.2062815656992,31.29133652935785
121.2062815656992,31.29133652935785
121.2068152175415,31.291343982266596
121.20734886958154,31.291351432959996
121.2094834797178,31.291381213579893
121.20987750918654,31.292116066885704
121.212177277484,31.2900660220051
121.21161809301299,31.291410958753758
121.21161809301299,31.291410958753758
121.2121602572391,31.290967600374625
121.21270241639733,31.29052423948438
121.21270241639733,31.29052423948438
121.21270241639733,31.29052423948438
121.21270241639733,31.29052423948438
121.212177277484,31.2900660220051
121.2116521436503,31.289607802538782
121.2116521436503,31.289607802538782
121.21167767962062,31.288255435023142
121.21167767962062,31.288255435023142
121.21221982475117,31.2878120754906
121.21329559619511,31.28737613859296
121.21384622974068,31.286481981828494
121.21384622974068,31.286481981828494
121.21420727783304,31.286152721193364
121.2095942650078,31.285520960724664
121.21388873131937,31.284228031999994
121.21443084254656,31.28378466160188
121.2139057306143,31.28332645183238
121.2139057306143,31.28332645183238
121.21339762698112,31.281966659967857
121.21392272914555,31.28242487152979
121.21392272914555,31.28242487152979
121.21392272914555,31.28242487152979
121.21393122812479,31.28197408132787
121.21178831560938,31.282395172278516
121.21178831560938,31.282395172278516
121.211254712718,31.282387741929174
121.21388873131937,31.284228031999994
121.21388873131937,31.284228031999994
121.21071259563834,31.282831098747486
121.21071259563834,31.282831098747486
121.21024437621978,31.283125208281522
121.2096368661214,31.283267015799765
121.2096368661214,31.283267015799765
121.20909473657137,31.28371036525092
121.20909473657137,31.28371036525092
121.20908621400402,31.284161154138456
121.20908621400402,31.284161154138456
121.20908621400402,31.284161154138456
121.20908621400402,31.284161154138456
121.20908621400402,31.284161154138456
121.20908621400402,31.284161154138456
121.20908621400402,31.284161154138456
121.20908621400402,31.284161154138456
121.20908621400402,31.284161154138456
121.20908621400402,31.284161154138456
121.20909473657137,31.28371036525092
121.20909473657137,31.28371036525092
121.20909473657137,31.28371036525092
121.20992433870887,31.28295160845048
121.21655680338885,31.284265108850533
121.21655680338885,31.284265108850533
121.2107211100238,31.28238030936523
121.2107211100238,31.28238030936523
121.2107211100238,31.28238030936523
121.2107211100238,31.28238030936523
121.2107211100238,31.28238030936523
121.211254712718,31.282387741929174
121.21179682473195,31.28194438260037
121.21179682473195,31.28194438260037
121.21179682473195,31.28194438260037
121.21233042528463,31.281951810604102
121.21233042528463,31.281951810604102
121.21286402603437,31.28195923639327
121.21339762698112,31.281966659967857
121.21339762698112,31.281966659967857
121.21339762698112,31.281966659967857
121.21379668125233,31.281902728576043
121.21013640312901,31.28507760958731
121.21013640312901,31.28507760958731
121.21446482946536,31.281981500473304
121.21446482946536,31.281981500473304
121.21499843100274,31.28198891740416
121.21499843100274,31.28198891740416
121.21552354136517,31.282447122714764
121.21551504980272,31.28289791327534
121.21551504980272,31.28289791327534
121.21551504980272,31.28289791327534
121.21551504980272,31.28289791327534
121.21604016758809,31.283356116696066
121.21604016758809,31.283356116696066
121.21604016758809,31.283356116696066
121.21604016758809,31.283356116696066
121.21656529045141,31.283814318129746
121.21654831613566,31.284715899537584
121.21605104674676,31.2853349010179
121.21599771864136,31.285610069477844
121.21599771864136,31.285610069477844
121.21599771864136,31.285610069477844
121.21545560352432,31.286053446254712
121.21545560352432,31.286053446254712
121.21545560352432,31.286053446254712
121.21492197896549,31.2860460303615
121.21491348334058,31.286496820521393
121.21491348334058,31.286496820521393
121.21491348334058,31.286496820521393
121.21437985644219,31.28648940228243
121.21383772885211,31.28693277169295
121.21383772885211,31.28693277169295
121.21329559619511,31.28737613859296
121.21329559619511,31.28737613859296
121.21328709238811,31.287826928259037
121.21328709238811,31.287826928259037
121.21334044430182,31.288567256694485
121.21328709238811,31.287826928259037
121.21328709238811,31.287826928259037
121.21381222504066,31.288285141083847
121.21381222504066,31.288285141083847
121.21380372338825,31.28873593081332
121.21380372338825,31.28873593081332
121.21380372338825,31.28873593081332
121.21379522154488,31.289186720509047
121.21432886346571,31.289194141748144
121.21486250558343,31.289201560772028
121.21486250558343,31.289201560772028
121.21539614789796,31.2892089775807
121.21538765347388,31.289659767635143
121.21592129852195,31.289667182359356
121.21592129852195,31.289667182359356
121.21592129852195,31.289667182359356
121.21592129852195,31.289667182359356
121.21594506366404,31.28953260780069
121.21592129852195,31.289667182359356
121.21645494376673,31.289674594868305
121.21644645422549,31.29012538515047
121.21329559619511,31.28737613859296
121.21643796449355,31.29057617539889
121.21590431417506,31.29056876262851
121.2148370141283,31.290553930441774
121.21430336440017,31.29054651102541
121.21430336440017,31.29054651102541
121.2142948643298,31.290997300717
121.21428636406851,31.291448090374846
121.21428636406851,31.291448090374846
121.21428636406851,31.291448090374846
121.21428636406851,31.291448090374846
121.21427786361629,31.291898879998936
121.21426086213901,31.292800459145884
121.21426936297311,31.292349669589285
121.21416502834586,31.29241481454608
121.21427786361629,31.291898879998936
121.21167767962062,31.288255435023142
121.2137442064741,31.291891457974643
121.2137442064741,31.291891457974643
121.2137442064741,31.291891457974643
121.2137442064741,31.291891457974643
121.2137442064741,31.291891457974643
121.21321054952888,31.29188403373491
121.21320204381153,31.292334823063474
121.21320204381153,31.292334823063474
121.21319353790314,31.292785612358287
121.21265987608072,31.29277818564122
121.21211770328155,31.293221545707766
121.2115840393162,31.293214114428647
121.2115840393162,31.293214114428647
121.2115840393162,31.293214114428647
121.21105037554804,31.29320668093399
121.21113417148467,31.293261175627674
121.21051671197716,31.293199245223786
121.21051671197716,31.293199245223786
121.21051671197716,31.293199245223786
121.20998304860362,31.293191807298044
121.20998304860362,31.293191807298044
121.20944938542748,31.29318436715677
121.20944938542748,31.29318436715677
121.20944938542748,31.29318436715677
121.20891572244876,31.293176924799955
121.20838205966757,31.293169480227625
121.20838205966757,31.293169480227625
121.20731473469795,31.29315458443636
121.20572229034616,31.29268143670889
121.20518008713137,31.293124766267624
121.20411276453535,31.293109843890186
121.20411276453535,31.293109843890186
121.20411276453535,31.293109843890186
121.2032790569167,31.2933364342806
121.2030454427315,31.293094912650727
121.2030454427315,31.293094912650727
121.2030454427315,31.293094912650727
121.20251178212676,31.29308744370775
121.20198668110004,31.2926291860464
121.20198668110004,31.2926291860464
121.2014787080258,31.291269353488225
121.20146158515351,31.292170926399322
121.2014787080258,31.291269353488225
121.2014787080258,31.291269353488225
121.20202091669674,31.29082603969713
121.20202091669674,31.29082603969713
121.20202091669674,31.29082603969713
121.2020294751153,31.290375253025363
121.2025716759895,31.2899319365562
121.2025716759895,31.2899319365562
121.2025716759895,31.2899319365562
121.20290395537472,31.28931694809739
121.20310531883555,31.28993940457735
121.20310531883555,31.28993940457735
121.20364751230366,31.2894960832489
121.20365606253553,31.289045296080765
121.20365606253553,31.289045296080765
121.20365606253553,31.289045296080765
121.20419824820756,31.288601972074716
121.20473188403778,31.28860943305548
121.20420679551876,31.288151184707434
121.20420679551876,31.288151184707434
121.20421534263797,31.287700397306377
121.20421534263797,31.287700397306377
121.2042238895652,31.28724960987155
121.2042238895652,31.28724960987155
121.2042238895652,31.28724960987155
121.20476606198473,31.28680628285747
121.20530822933753,31.286362953331583
121.20500515564422,31.286563427960367
121.20530822933753,31.286362953331583
121.20585039162371,31.285919621293992
121.20585039162371,31.285919621293992
121.20585039162371,31.285919621293992
121.20585039162371,31.285919621293992
121.20693470099657,31.28503294968424
121.20693470099657,31.28503294968424
121.20693470099657,31.28503294968424
121.2074683175248,31.28504039853847
121.20747684808347,31.284589610112292
121.20801899010415,31.28414626802913
121.20801899010415,31.28414626802913
121.20801899010415,31.28414626802913
121.20855260195535,31.284153712191163
121.20856112705873,31.28370292343487
121.20908621400402,31.284161154138456
121.20908621400402,31.284161154138456
121.20904358147547,31.283963188669503
121.20909473657137,31.28371036525092
121.20909473657137,31.28371036525092
121.20908621400402,31.284161154138456
121.20908621400402,31.284161154138456
121.20908621400402,31.284161154138456
121.20908621400402,31.284161154138456
121.20908621400402,31.284161154138456
121.20908621400402,31.284161154138456
121.20908621400402,31.284161154138456
121.20908621400402,31.284161154138456
121.20908621400402,31.284161154138456
121.20908621400402,31.284161154138456
121.20908621400402,31.284161154138456
121.20908621400402,31.284161154138456
121.20908621400402,31.284161154138456
121.20908621400402,31.284161154138456
121.20908621400402,31.284161154138456
121.20875896655691,31.283929901984955
121.20908621400402,31.284161154138456
121.20908621400402,31.284161154138456
121.20908621400402,31.284161154138456
121.20908621400402,31.284161154138456
121.20908621400402,31.284161154138456
121.20907769124521,31.284611942992232
121.20907769124521,31.284611942992232
121.20853555117405,31.28505528960249
121.20852702549615,31.2855060782575
121.20799340603655,31.285498633701618
121.20799340603655,31.285498633701618
121.20745978677452,31.285491186930884
121.2069261677101,31.285483737945288
121.2069261677101,31.285483737945288
121.21014492100697,31.284626820504922
121.2096113060274,31.28461938285597
121.20639254884335,31.285476286744842
121.20656013344731,31.285694350662204
121.20638401282895,31.285927074840735
121.20585039162371,31.285919621293992
121.20585039162371,31.285919621293992
121.20585039162371,31.285919621293992
121.20476606198473,31.28680628285747
121.20476606198473,31.28680628285747
121.20747684808347,31.284589610112292
121.20423243630043,31.286798822402957
121.2042238895652,31.28724960987155
121.2042238895652,31.28724960987155
121.2042238895652,31.28724960987155
121.2042238895652,31.28724960987155
121.20420679551876,31.288151184707434
121.20420679551876,31.288151184707434
121.20474042881241,31.28815864555663
121.20526552006595,31.288616891821132
121.20526552006595,31.288616891821132
121.20507546006684,31.288794795330958
121.20579061639867,31.289075136099765
121.20578207631354,31.28952592379409
121.20578207631354,31.28952592379409
121.20578207631354,31.28952592379409
121.20631571781072,31.289533378392388
121.20631571781072,31.289533378392388
121.20630718007051,31.289984166184407
121.20630718007051,31.289984166184407
121.20630718007051,31.289984166184407
121.20630718007051,31.289984166184407
121.20629864213852,31.29043495394265
121.20682375332014,31.29089319444447
121.20682375332014,31.29089319444447
121.20734033614816,31.291802220879735
121.20734033614816,31.291802220879735
121.20734033614816,31.291802220879735
121.20734033614816,31.291802220879735
121.20799707879385,31.291704201827784
121.20840764589516,31.291817115883056
121.20894982688743,31.29137377174797
121.20894982688743,31.29137377174797
121.2094834797178,31.291381213579893
121.21001713274559,31.291388653196424
121.21055078597075,31.29139609059759
121.21161809301299,31.291410958753758
121.21161809301299,31.291410958753758
121.21161809301299,31.291410958753758
121.21269390871623,31.29097502878325
121.21269390871623,31.29097502878325
121.21269390871623,31.29097502878325
121.212177277484,31.2900660220051
121.212177277484,31.2900660220051
121.212177277484,31.2900660220051
121.212177277484,31.2900660220051
121.2116521436503,31.289607802538782
121.21172085194411,31.289694863876512
121.2116521436503,31.289607802538782
121.2116606558316,31.28915701340066
121.2116606558316,31.28915701340066
121.2116606558316,31.28915701340066
121.21113552942286,31.288698792044745
121.21113552942286,31.288698792044745
121.21113552942286,31.288698792044745
121.2111440437584,31.288248002970175
121.21167767962062,31.288255435023142
121.21167767962062,31.288255435023142
121.21221131568002,31.288262864860993
121.21221131568002,31.288262864860993
121.21221982475117,31.2878120754906
121.21275345847113,31.28781950298236
121.21329559619511,31.28737613859296
121.21329559619511,31.28737613859296
121.21329559619511,31.28737613859296
121.21327509674524,31.287402666172948
121.21329559619511,31.28737613859296
121.21383772885211,31.28693277169295
121.21491348334058,31.286496820521393
121.21491348334058,31.286496820521393
121.21491348334058,31.286496820521393
121.21545560352432,31.286053446254712
121.21545560352432,31.286053446254712
121.21599771864136,31.285610069477844
121.21599771864136,31.285610069477844
121.21600620881212,31.285159278988974
121.21600620881212,31.285159278988974
121.21600620881212,31.285159278988974
121.21655680338885,31.284265108850533
121.21655680338885,31.284265108850533
121.21014492100697,31.284626820504922
121.21014492100697,31.284626820504922
121.21014492100697,31.284626820504922
121.21618767069137,31.283622847279606
121.21604016758809,31.283356116696066
121.21604016758809,31.283356116696066
121.21604865680533,31.28290532603848
121.21552354136517,31.282447122714764
121.21552354136517,31.282447122714764
121.21446482946536,31.281981500473304
121.21445633302196,31.28243229080607
121.21445633302196,31.28243229080607
121.21444783638768,31.28288308110508
121.21444783638768,31.28288308110508
121.21443933956256,31.283333871370356
121.21443084254656,31.28378466160188
121.21443084254656,31.28378466160188
121.2144223453397,31.284235451799667
121.21441384794196,31.284686241963705
121.21441384794196,31.284686241963705
121.21440535035335,31.285137032094006
121.21400180793623,31.285089921110064
121.21332960951301,31.28557297959121
121.21332960951301,31.28557297959121
121.21332960951301,31.28557297959121
121.21279598827803,31.285565554969207
121.21280449366623,31.285114765265334
121.21280449366623,31.285114765265334
121.21280449366623,31.285114765265334
121.21281299886337,31.284663975527707
121.21281299886337,31.284663975527707
121.21281299886337,31.284663975527707
121.2122793828978,31.284656548952753
121.21174576712933,31.284649120162996
121.21174576712933,31.284649120162996
121.21174576712933,31.284649120162996
121.21174576712933,31.284649120162996
121.21121215155799,31.284641689158434
121.21121215155799,31.284641689158434
121.21144545306124,31.28465292147097
121.21121215155799,31.284641689158434
121.21121215155799,31.284641689158434
121.21014492100697,31.284626820504922
121.21014492100697,31.284626820504922
121.21014492100697,31.284626820504922
121.21014492100697,31.284626820504922
121.20961982625012,31.284168593870987
121.20961982625012,31.284168593870987
121.20961982625012,31.284168593870987
121.20961982625012,31.284168593870987
121.2096113060274,31.28461938285597
121.2096113060274,31.28461938285597
121.20961982625012,31.284168593870987
121.21014492100697,31.284626820504922
121.21014492100697,31.284626820504922
121.21014492100697,31.284626820504922
121.21014492100697,31.284626820504922
121.21010014000846,31.284661241906083
121.21013640312901,31.28507760958731
121.21270241639733,31.29052423948438
121.21270241639733,31.29052423948438
121.21269390871623,31.29097502878325
121.21269390871623,31.29097502878325
121.21269390871623,31.29097502878325
121.21321905505518,31.291433244372598
121.21321905505518,31.291433244372598
121.21321905505518,31.291433244372598
121.21321905505518,31.291433244372598
121.21320204381153,31.292334823063474
121.21321054952888,31.29188403373491
121.21321054952888,31.29188403373491
121.21320204381153,31.292334823063474
121.21320204381153,31.292334823063474
121.21060189122126,31.288691357645572
121.21113552942286,31.288698792044745
121.2106087265366,31.2885810927922
121.2106104080934,31.28824056870209
121.2111440437584,31.288248002970175
121.2111440437584,31.288248002970175
121.2116606558316,31.28915701340066
121.21166916782171,31.28870622422878
121.21166916782171,31.28870622422878
121.2116606558316,31.28915701340066
121.2116606558316,31.28915701340066
121.2116606558316,31.28915701340066
121.2116606558316,31.28915701340066
121.2116606558316,31.28915701340066
121.2116521436503,31.289607802538782
121.21218578731973,31.2896152327697
121.21218578731973,31.2896152327697
121.2116606558316,31.28915701340066
121.21271092388736,31.290073450151763
121.21270241639733,31.29052423948438
121.21245056141568,31.29084389672228
121.21270241639733,31.29052423948438
121.21322756039042,31.290982454976525
121.21322756039042,31.290982454976525
121.21320204381153,31.292334823063474
121.21320204381153,31.292334823063474
121.21321054952888,31.29188403373491
121.21320204381153,31.292334823063474
121.21320204381153,31.292334823063474
121.21320204381153,31.292334823063474
121.21321054952888,31.29188403373491
121.21321054952888,31.29188403373491
121.21319353790314,31.292785612358287
121.21318503180368,31.293236401619353
121.21318503180368,31.293236401619353
121.20788252181926,31.291358881438022
121.20788252181926,31.291358881438022
121.2115840393162,31.293214114428647
121.21159985092152,31.29318196461638
121.2115840393162,31.293214114428647
121.2116521436503,31.289607802538782
121.2116521436503,31.289607802538782
121.21105037554804,31.29320668093399
121.21105037554804,31.29320668093399
121.21051671197716,31.293199245223786
121.20998304860362,31.293191807298044
121.20998304860362,31.293191807298044
121.20944938542748,31.29318436715677
121.20891572244876,31.293176924799955
121.20838205966757,31.293169480227625
121.20838205966757,31.293169480227625
121.20838205966757,31.293169480227625
121.20838205966757,31.293169480227625
121.20784839708395,31.29316203343975
121.20731473469795,31.29315458443636
121.20731473469795,31.29315458443636
121.2072475188302,31.29323629083638
121.20731473469795,31.29315458443636
121.20624741051905,31.293139679783025
121.20624741051905,31.293139679783025
121.20624741051905,31.293139679783025
121.20571374872628,31.293132224133082
121.20571374872628,31.293132224133082
121.20571374872628,31.293132224133082
121.20571374872628,31.293132224133082
121.20411276453535,31.293109843890186
121.20357910353438,31.293102379378205
121.20357910353438,31.293102379378205
121.20476606198473,31.28680628285747
121.20476606198473,31.28680628285747
121.20476606198473,31.28680628285747
121.20530822933753,31.286362953331583
121.20530822933753,31.286362953331583
121.20530822933753,31.286362953331583
121.2054304197851,31.28629423755763
121.20585039162371,31.285919621293992
121.20585039162371,31.285919621293992
121.20639254884335,31.285476286744842
121.20584185288128,31.2863704092247
121.20584185288128,31.2863704092247
121.20693470099657,31.28503294968424
121.20578207631354,31.28952592379409
121.20747684808347,31.284589610112292
121.20801046227318,31.28459705662039
121.20801046227318,31.28459705662039
121.20801899010415,31.28414626802913
121.20801899010415,31.28414626802913
121.20855260195535,31.284153712191163
121.20856112705873,31.28370292343487
121.20856112705873,31.28370292343487
121.2091032589473,31.28325957632963
121.2096368661214,31.283267015799765
121.20945502263866,31.28313901336611
121.2096368661214,31.283267015799765
121.2101789906055,31.28282366383782
121.2101789906055,31.28282366383782
121.2107211100238,31.28238030936523
121.2107211100238,31.28238030936523
121.2107211100238,31.28238030936523
121.21126322437638,31.281936952382058
121.21179682473195,31.28194438260037
121.21233042528463,31.281951810604102
121.21233042528463,31.281951810604102
121.21233042528463,31.281951810604102
121.21233042528463,31.281951810604102
121.21286402603437,31.28195923639327
121.21339762698112,31.281966659967857
121.21339762698112,31.281966659967857
121.21339762698112,31.281966659967857
121.21339762698112,31.281966659967857
121.21396927709517,31.281923170343948
121.21446482946536,31.281981500473304
121.21446482946536,31.281981500473304
121.21446482946536,31.281981500473304
121.21446482946536,31.281981500473304
121.21446482946536,31.281981500473304
121.21499843100274,31.28198891740416
121.21499843100274,31.28198891740416
121.21499843100274,31.28198891740416
121.21499843100274,31.28198891740416
121.21552354136517,31.282447122714764
121.21552354136517,31.282447122714764
121.21552354136517,31.282447122714764
121.21552354136517,31.282447122714764
121.21552354136517,31.282447122714764
121.21551504980272,31.28289791327534
121.21604865680533,31.28290532603848
121.21604016758809,31.283356116696066
121.21633533499208,31.283764720450716
121.21656529045141,31.283814318129746
121.21656529045141,31.283814318129746
121.21655680338885,31.284265108850533
121.21698010220376,31.290132795574838
121.21698010220376,31.290132795574838
121.21599771864136,31.285610069477844
121.21599771864136,31.285610069477844
121.2095942650078,31.285520960724664
121.21492197896549,31.2860460303615
121.2095772232226,31.286422538458346
121.21491348334058,31.286496820521393
121.21320204381153,31.292334823063474
121.21437985644219,31.28648940228243
121.21437985644219,31.28648940228243
121.21383772885211,31.28693277169295
121.21383772885211,31.28693277169295
121.21383772885211,31.28693277169295
121.21334196421763,31.287338195742507
121.21329559619511,31.28737613859296
121.21329559619511,31.28737613859296
121.21329559619511,31.28737613859296
121.21329559619511,31.28737613859296
121.21328709238811,31.287826928259037
121.21328709238811,31.287826928259037
121.21328709238811,31.287826928259037
121.21328709238811,31.287826928259037
121.2138207265021,31.287834351320633
121.21381222504066,31.288285141083847
121.21381222504066,31.288285141083847
121.21381222504066,31.288285141083847
121.21381222504066,31.288285141083847
121.21379522154488,31.289186720509047
121.21379522154488,31.289186720509047
121.21379522154488,31.289186720509047
121.21379522154488,31.289186720509047
121.21398916306919,31.28938138535803
121.21379522154488,31.289186720509047
121.21379522154488,31.289186720509047
121.21379522154488,31.289186720509047
121.21379522154488,31.289186720509047
121.21328709238811,31.287826928259037
121.2116606558316,31.28915701340066
121.2116606558316,31.28915701340066
121.21166916782171,31.28870622422878
121.21166916782171,31.28870622422878
121.21113552942286,31.288698792044745
121.21113552942286,31.288698792044745
121.21113552942286,31.288698792044745
121.21113552942286,31.288698792044745
121.21113552942286,31.288698792044745
121.21113552942286,31.288698792044745
121.21113552942286,31.288698792044745
121.21113552942286,31.288698792044745
121.21079896275785,31.28838077577346
121.2106104080934,31.28824056870209
121.2106104080934,31.28824056870209
121.21061892477424,31.28778977972486
121.21062744126377,31.287338990713863
121.21062744126377,31.287338990713863
121.21010232970379,31.286880765579326
121.2095772232226,31.286422538458346
121.2095772232226,31.286422538458346
121.2095772232226,31.286422538458346
121.20961982625012,31.284168593870987
121.2095772232226,31.286422538458346
121.2095772232226,31.286422538458346
121.2095857442109,31.28597174960838
121.2095857442109,31.28597174960838
121.2095857442109,31.28597174960838
121.2090521218201,31.285964309351023
121.2090521218201,31.285964309351023
121.20874331462315,31.285451940262
121.20906064515326,31.285513520598514
121.20906916829496,31.285062731812253
121.20906916829496,31.285062731812253
121.20906916829496,31.285062731812253
121.20907769124521,31.284611942992232
121.20907769124521,31.284611942992232
121.20907769124521,31.284611942992232
121.20907769124521,31.284611942992232
121.20907769124521,31.284611942992232
121.20907769124521,31.284611942992232
121.20961982625012,31.284168593870987
121.20908621400402,31.284161154138456
121.20908621400402,31.284161154138456
121.20908621400402,31.284161154138456
121.21068705133438,31.28418346669181
121.21067853618385,31.28463425593908
121.21067853618385,31.28463425593908
121.21052709712957,31.284579238846344
121.21067853618385,31.28463425593908
121.21067853618385,31.28463425593908
121.21067853618385,31.28463425593908
121.21067853618385,31.28463425593908
121.21067853618385,31.28463425593908
121.21121215155799,31.284641689158434
121.2122793828978,31.284656548952753
121.2122793828978,31.284656548952753
121.21174576712933,31.284649120162996
121.21174576712933,31.284649120162996
121.21174576712933,31.284649120162996
121.21227087516449,31.285107338559413
121.21227087516449,31.285107338559413
121.21227087516449,31.285107338559413
121.21226236724007,31.285558128132315
121.21226236724007,31.285558128132315
121.2117287463992,31.285550699080545
121.2118611190629,31.28572541733816
121.21225385912453,31.286008917671477
121.21225385912453,31.286008917671477
121.21225385912453,31.286008917671477
121.21277897692846,31.28646713427572
121.21277897692846,31.28646713427572
121.21277897692846,31.28646713427572
121.21277897692846,31.28646713427572
121.21277897692846,31.28646713427572
121.21277897692846,31.28646713427572
121.2133040998111,31.286925348893156
121.2133040998111,31.286925348893156
121.21329559619511,31.28737613859296
121.21329559619511,31.28737613859296
121.21329559619511,31.28737613859296
121.21329559619511,31.28737613859296
121.21329559619511,31.28737613859296
121.21381222504066,31.288285141083847
121.2140917397608,31.28860702425921
121.21432886346571,31.289194141748144
121.21379522154488,31.289186720509047
121.21379522154488,31.289186720509047
121.21379522154488,31.289186720509047
121.21379522154488,31.289186720509047
121.21379522154488,31.289186720509047
121.21379522154488,31.289186720509047
121.21379522154488,31.289186720509047
121.21379522154488,31.289186720509047
121.21332960951301,31.28557297959121
121.21332110647005,31.286023769392276
121.2138547304383,31.28603119193028
121.21384622974068,31.286481981828494
121.21384622974068,31.286481981828494
121.21384622974068,31.286481981828494
121.21384622974068,31.286481981828494
121.21437135809003,31.286940192277747
121.21407905101825,31.286703461516396
121.21383772885211,31.28693277169295
121.21427786361629,31.291898879998936
121.21427786361629,31.291898879998936
121.21221982475117,31.2878120754906
121.21221982475117,31.2878120754906
121.21221982475117,31.2878120754906
121.21113552942286,31.288698792044745
121.20897540320564,31.290021406604495
121.2122793828978,31.284656548952753
121.21113552942286,31.288698792044745
121.21113552942286,31.288698792044745
121.21113552942286,31.288698792044745
121.21166916782171,31.28870622422878
121.2116606558316,31.28915701340066
121.21270241639733,31.29052423948438
121.21218578731973,31.2896152327697
121.21218578731973,31.2896152327697
121.21225476672174,31.289808291787406
121.212177277484,31.2900660220051
121.212177277484,31.2900660220051
121.212177277484,31.2900660220051
121.21270241639733,31.29052423948438
121.21269390871623,31.29097502878325
121.21269390871623,31.29097502878325
121.21322756039042,31.290982454976525
121.21322756039042,31.290982454976525
121.21322756039042,31.290982454976525
121.21321905505518,31.291433244372598
121.21321905505518,31.291433244372598
121.21321054952888,31.29188403373491
121.21373570329385,31.292342247434117
121.21373570329385,31.292342247434117
121.21373570329385,31.292342247434117
121.21373570329385,31.292342247434117
121.21437135809003,31.286940192277747
121.20985686609149,31.28673037571064
121.21320204381153,31.292334823063474
121.21320204381153,31.292334823063474
121.21320204381153,31.292334823063474
121.21320204381153,31.292334823063474
121.21321054952888,31.29188403373491
121.21321054952888,31.29188403373491
121.2137442064741,31.291891457974643
121.2137442064741,31.291891457974643
121.21427786361629,31.291898879998936
121.21161809301299,31.291410958753758
121.2142948643298,31.290997300717
121.2142948643298,31.290997300717
121.21430336440017,31.29054651102541
121.2142948643298,31.290997300717
121.21430336440017,31.29054651102541
121.21430336440017,31.29054651102541
121.21430336440017,31.29054651102541
121.21455538788803,31.290706293596628
121.2153706640533,31.290561347642804
121.21590431417506,31.29056876262851
121.21590431417506,31.29056876262851
121.21644645422549,31.29012538515047
121.21698010220376,31.290132795574838
121.21698010220376,31.290132795574838
121.21698010220376,31.290132795574838
121.21751375037863,31.29014020378391
121.21751375037863,31.29014020378391
121.21751375037863,31.29014020378391
121.21751375037863,31.29014020378391
121.21751375037863,31.29014020378391
121.21751375037863,31.29014020378391
121.21804739875003,31.290147609777677
121.21804739875003,31.290147609777677
121.21804739875003,31.290147609777677
121.21804739875003,31.290147609777677
121.21527310809199,31.293573603962162
121.21804739875003,31.290147609777677
121.21804739875003,31.290147609777677
121.21804739875003,31.290147609777677
121.21804739875003,31.290147609777677
121.21804739875003,31.290147609777677
121.21804739875003,31.290147609777677
121.21750526572045,31.290590994293623
121.21751375037863,31.29014020378391
121.21751375037863,31.29014020378391
121.21750526572045,31.290590994293623
121.21698010220376,31.290132795574838
121.21698010220376,31.290132795574838
121.21698010220376,31.290132795574838
121.21698010220376,31.290132795574838
121.21698010220376,31.290132795574838
121.21698010220376,31.290132795574838
121.21644645422549,31.29012538515047
121.21596331782584,31.2900447912035
121.21644645422549,31.29012538515047
121.21590431417506,31.29056876262851
121.21590431417506,31.29056876262851
121.21643796449355,31.29057617539889
121.21590431417506,31.29056876262851
121.21590431417506,31.29056876262851
121.2148370141283,31.290553930441774
121.2148370141283,31.290553930441774
121.2148370141283,31.290553930441774
121.2148370141283,31.290553930441774
121.21167767962062,31.288255435023142
121.21430336440017,31.29054651102541
121.21320204381153,31.292334823063474
121.21320204381153,31.292334823063474
121.21329559619511,31.28737613859296
121.21482851659488,31.29100472026419
121.21428636406851,31.291448090374846
121.21415688744366,31.291575768535377
121.21427786361629,31.291898879998936
121.21428636406851,31.291448090374846
121.21321054952888,31.29188403373491
121.21321054952888,31.29188403373491
121.21321054952888,31.29188403373491
121.21320204381153,31.292334823063474
121.21320204381153,31.292334823063474
121.21320204381153,31.292334823063474
121.21320204381153,31.292334823063474
121.21061892477424,31.28778977972486
121.21061892477424,31.28778977972486
121.21061892477424,31.28778977972486
121.21062744126377,31.287338990713863
121.21062744126377,31.287338990713863
121.21062744126377,31.287338990713863
121.21061892477424,31.28778977972486
121.21061892477424,31.28778977972486
121.21121214636223,31.288663920581396
121.21113552942286,31.288698792044745
121.2116606558316,31.28915701340066
121.2116606558316,31.28915701340066
121.212177277484,31.2900660220051
121.212177277484,31.2900660220051
121.21218578731973,31.2896152327697
121.212177277484,31.2900660220051
121.21216876745713,31.290516811206736
121.21270241639733,31.29052423948438
121.21269390871623,31.29097502878325
121.21269390871623,31.29097502878325
121.21321905505518,31.291433244372598
121.21321905505518,31.291433244372598
121.21321054952888,31.29188403373491
121.21321054952888,31.29188403373491
121.21321054952888,31.29188403373491
121.21321054952888,31.29188403373491
121.21351627224566,31.2920539803384
121.21373570329385,31.292342247434117
121.21373570329385,31.292342247434117
121.21373570329385,31.292342247434117
121.21373570329385,31.292342247434117
121.21373570329385,31.292342247434117
121.21373570329385,31.292342247434117
121.21373570329385,31.292342247434117
121.21373570329385,31.292342247434117
121.21373570329385,31.292342247434117
121.20961982625012,31.284168593870987
121.20961982625012,31.284168593870987
121.21014492100697,31.284626820504922
121.20961982625012,31.284168593870987
121.20961982625012,31.284168593870987
121.20961982625012,31.284168593870987
121.20961982625012,31.284168593870987
121.20961982625012,31.284168593870987
121.20952698835926,31.284333015141442
121.20961982625012,31.284168593870987
121.20961982625012,31.284168593870987
121.20961982625012,31.284168593870987
121.2096113060274,31.28461938285597
121.21014492100697,31.284626820504922
121.21014492100697,31.284626820504922
121.21014492100697,31.284626820504922
121.21014492100697,31.284626820504922
121.21014492100697,31.284626820504922
121.21014492100697,31.284626820504922
121.21014492100697,31.284626820504922
121.21014492100697,31.284626820504922
121.21014492100697,31.284626820504922
121.21014492100697,31.284626820504922
121.21014492100697,31.284626820504922
121.21014492100697,31.284626820504922
121.21014492100697,31.284626820504922
121.20994997942545,31.284756122514697
121.21013640312901,31.28507760958731
121.21013640312901,31.28507760958731
121.21012788505972,31.285528398635943
121.21012788505972,31.285528398635943
121.2095942650078,31.285520960724664
121.2095857442109,31.28597174960838
121.2095857442109,31.28597174960838
121.2095857442109,31.28597174960838
121.2095772232226,31.286422538458346
121.21011084834711,31.28642997663196
121.21010232970379,31.286880765579326
121.21010232970379,31.286880765579326
121.21010232970379,31.286880765579326
121.21010232970379,31.286880765579326
121.21010232970379,31.286880765579326
121.21010232970379,31.286880765579326
121.21061892477424,31.28778977972486
121.21063538827164,31.2880560038814
121.2106104080934,31.28824056870209
121.2106104080934,31.28824056870209
121.21113552942286,31.288698792044745
121.2116606558316,31.28915701340066
121.2116606558316,31.28915701340066
121.2116606558316,31.28915701340066
121.2116606558316,31.28915701340066
121.2116606558316,31.28915701340066
121.212177277484,31.2900660220051
121.21270241639733,31.29052423948438
121.21270241639733,31.29052423948438
121.21270241639733,31.29052423948438
121.21270241639733,31.29052423948438
121.21270241639733,31.29052423948438
121.21270241639733,31.29052423948438
121.21270241639733,31.29052423948438
121.21268540084401,31.291425818048378
121.2129471791413,31.29164689247442
121.21321054952888,31.29188403373491
121.21321054952888,31.29188403373491
121.21321054952888,31.29188403373491
121.21321054952888,31.29188403373491
121.21321054952888,31.29188403373491
121.21321054952888,31.29188403373491
121.21321054952888,31.29188403373491
121.21321054952888,31.29188403373491
121.21321054952888,31.29188403373491
121.21321054952888,31.29188403373491
121.21321054952888,31.29188403373491
121.21320204381153,31.292334823063474
121.21320204381153,31.292334823063474
121.21320204381153,31.292334823063474
121.21320204381153,31.292334823063474
121.21320204381153,31.292334823063474
121.21320204381153,31.292334823063474
121.21332430206031,31.292450479093198
121.21320204381153,31.292334823063474
121.21320204381153,31.292334823063474
121.21320204381153,31.292334823063474
121.21320204381153,31.292334823063474
121.21320204381153,31.292334823063474
121.21320204381153,31.292334823063474
121.21320204381153,31.292334823063474
121.21216876745713,31.290516811206736
121.21216876745713,31.290516811206736
121.2137442064741,31.291891457974643
121.2137442064741,31.291891457974643
121.20788252181926,31.291358881438022
121.20788252181926,31.291358881438022
121.21427786361629,31.291898879998936
121.21428636406851,31.291448090374846
121.2142948643298,31.290997300717
121.2142948643298,31.290997300717
121.21417455421722,31.290482244156294
121.21430336440017,31.29054651102541
121.2148370141283,31.290553930441774
121.2153706640533,31.290561347642804
121.2153706640533,31.290561347642804
121.2153706640533,31.290561347642804
121.21590431417506,31.29056876262851
121.21590431417506,31.29056876262851
121.21590431417506,31.29056876262851
121.21643796449355,31.29057617539889
121.21644645422549,31.29012538515047
121.21644645422549,31.29012538515047
121.21698010220376,31.290132795574838
121.21698010220376,31.290132795574838
121.21698010220376,31.290132795574838
121.21698010220376,31.290132795574838
121.21698010220376,31.290132795574838
121.21698010220376,31.290132795574838
121.21737088304305,31.29032594060994
121.21751375037863,31.29014020378391
121.21804739875003,31.290147609777677
121.21804739875003,31.290147609777677
121.21804739875003,31.290147609777677
121.21804739875003,31.290147609777677
121.21320204381153,31.292334823063474
121.21320204381153,31.292334823063474
121.21320204381153,31.292334823063474
121.21320204381153,31.292334823063474
121.21320204381153,31.292334823063474
121.21321054952888,31.29188403373491
121.21321054952888,31.29188403373491
121.21321054952888,31.29188403373491
121.21321054952888,31.29188403373491
121.21321054952888,31.29188403373491
121.21321054952888,31.29188403373491
121.21268540084401,31.291425818048378
121.2128045166747,31.291378794074276
121.21270241639733,31.29052423948438
121.21270241639733,31.29052423948438
121.21270241639733,31.29052423948438
121.21270241639733,31.29052423948438
121.212177277484,31.2900660220051
121.21270241639733,31.29052423948438
121.2116521436503,31.289607802538782
121.2116521436503,31.289607802538782
121.2116606558316,31.28915701340066
121.2116606558316,31.28915701340066
121.21113552942286,31.288698792044745
121.21113552942286,31.288698792044745
121.21113552942286,31.288698792044745
121.2111440437584,31.288248002970175
121.2106104080934,31.28824056870209
121.2106104080934,31.28824056870209
121.21061892477424,31.28778977972486
121.21040966096919,31.288032561827738
121.21061892477424,31.28778977972486
121.21009381086911,31.287331554492937
121.21009381086911,31.287331554492937
121.20956018067179,31.287324116056983
121.20956018067179,31.287324116056983
121.20956018067179,31.287324116056983
121.2095687020429,31.28687332727454
121.2095687020429,31.28687332727454
121.20904359829548,31.28641509806979
121.20904359829548,31.28641509806979
121.2090521218201,31.285964309351023
121.2090521218201,31.285964309351023
121.2095857442109,31.28597174960838
121.2095942650078,31.285520960724664
121.21012788505972,31.285528398635943
121.21013640312901,31.28507760958731
121.21013640312901,31.28507760958731
121.20981513456013,31.284596379328313
121.21014492100697,31.284626820504922
121.21014492100697,31.284626820504922
121.20961982625012,31.284168593870987
121.20961982625012,31.284168593870987
121.20961982625012,31.284168593870987
121.20961982625012,31.284168593870987
121.2096113060274,31.28461938285597
121.21014492100697,31.284626820504922
121.21014492100697,31.284626820504922
121.21014492100697,31.284626820504922
121.21013640312901,31.28507760958731
121.21013640312901,31.28507760958731
121.21012788505972,31.285528398635943
121.21012788505972,31.285528398635943
121.2095942650078,31.285520960724664
121.2095857442109,31.28597174960838
121.2095857442109,31.28597174960838
121.20976376008701,31.286654656448512
121.2095772232226,31.286422538458346
121.2095772232226,31.286422538458346
121.2095772232226,31.286422538458346
121.2095772232226,31.286422538458346
121.2095772232226,31.286422538458346
121.2095772232226,31.286422538458346
121.21010232970379,31.286880765579326
121.21010232970379,31.286880765579326
121.21062744126377,31.287338990713863
121.21061892477424,31.28778977972486
121.21061892477424,31.28778977972486
121.21061892477424,31.28778977972486
121.21061892477424,31.28778977972486
121.2111440437584,31.288248002970175
121.2111440437584,31.288248002970175
121.21113552942286,31.288698792044745
121.21113552942286,31.288698792044745
121.21142546232906,31.289257752765877
121.2116606558316,31.28915701340066
121.2116521436503,31.289607802538782
121.2116521436503,31.289607802538782
121.2116521436503,31.289607802538782
121.212177277484,31.2900660220051
121.212177277484,31.2900660220051
121.21216876745713,31.290516811206736
121.21270241639733,31.29052423948438
121.21270241639733,31.29052423948438
121.21270241639733,31.29052423948438
121.21268540084401,31.291425818048378
121.21321905505518,31.291433244372598
121.21321054952888,31.29188403373491
121.21321054952888,31.29188403373491
121.21321054952888,31.29188403373491
121.21321054952888,31.29188403373491
121.21321054952888,31.29188403373491
121.21338037842608,31.291966392326813
121.21320204381153,31.292334823063474
121.21320204381153,31.292334823063474
121.21320204381153,31.292334823063474
121.21320204381153,31.292334823063474
121.21320204381153,31.292334823063474
121.21320204381153,31.292334823063474
121.21320204381153,31.292334823063474
121.21320204381153,31.292334823063474
121.21320204381153,31.292334823063474
121.21320204381153,31.292334823063474
121.21320204381153,31.292334823063474
121.21320204381153,31.292334823063474
121.21320204381153,31.292334823063474
121.21320204381153,31.292334823063474
121.21010232970379,31.286880765579326
121.21320204381153,31.292334823063474
121.21320204381153,31.292334823063474
121.21321321542547,31.2913438878185
121.21320204381153,31.292334823063474
121.21320204381153,31.292334823063474
121.21383772885211,31.28693277169295
121.21320204381153,31.292334823063474
121.21320204381153,31.292334823063474
121.21320204381153,31.292334823063474
121.21271092388736,31.290073450151763
121.21271092388736,31.290073450151763
121.21218578731973,31.2896152327697
121.21218578731973,31.2896152327697
121.2121942969643,31.28916444350056
121.2121942969643,31.28916444350056
121.2121942969643,31.28916444350056
121.2121942969643,31.28916444350056
121.21272793829412,31.289171871385253
121.21272793829412,31.289171871385253
121.21272793829412,31.289171871385253
121.2129031316614,31.290414942874406
121.213261579821,31.289179297054755
121.213261579821,31.289179297054755
121.213261579821,31.289179297054755
121.213261579821,31.289179297054755
121.213261579821,31.289179297054755
121.213261579821,31.289179297054755
121.213261579821,31.289179297054755
121.213261579821,31.289179297054755
121.213261579821,31.289179297054755
121.213261579821,31.289179297054755
121.213261579821,31.289179297054755
121.213261579821,31.289179297054755
121.213261579821,31.289179297054755
121.213261579821,31.289179297054755
121.213261579821,31.289179297054755
121.213261579821,31.289179297054755
121.213261579821,31.289179297054755
121.21298439936189,31.28925690318552
121.213261579821,31.289179297054755
121.21325307524991,31.289630086585817
121.21325307524991,31.289630086585817
121.21325307524991,31.289630086585817
121.21325307524991,31.289630086585817
121.21325307524991,31.289630086585817
121.21325307524991,31.289630086585817
121.21325307524991,31.289630086585817
121.21325307524991,31.289630086585817
121.21325307524991,31.289630086585817
121.21381222504066,31.288285141083847
121.21381222504066,31.288285141083847
121.21381222504066,31.288285141083847
121.2138207265021,31.287834351320633
121.21328709238811,31.287826928259037
121.21328709238811,31.287826928259037
121.21328709238811,31.287826928259037
121.21340526622978,31.287636762343073
121.21328709238811,31.287826928259037
121.21328709238811,31.287826928259037
121.21328709238811,31.287826928259037
121.21328709238811,31.287826928259037
121.21329559619511,31.28737613859296
121.21329559619511,31.28737613859296
121.21276196481463,31.287368713447226
121.21276196481463,31.287368713447226
121.21276196481463,31.287368713447226
121.21276196481463,31.287368713447226
121.21276196481463,31.287368713447226
121.2133040998111,31.286925348893156
121.21277897692846,31.28646713427572
121.21277897692846,31.28646713427572
121.21277897692846,31.28646713427572
121.21277897692846,31.28646713427572
121.21277897692846,31.28646713427572
121.21257121671155,31.286416371497985
121.21277897692846,31.28646713427572
121.21277897692846,31.28646713427572
121.21277897692846,31.28646713427572
121.21277897692846,31.28646713427572
121.21225385912453,31.286008917671477
121.2117287463992,31.285550699080545
121.2117287463992,31.285550699080545
121.21227087516449,31.285107338559413
121.21227087516449,31.285107338559413
121.21173725685985,31.285099909638642
121.21174576712933,31.284649120162996
121.21174576712933,31.284649120162996
121.21174576712933,31.284649120162996
121.21174576712933,31.284649120162996
121.21174576712933,31.284649120162996
121.21121215155799,31.284641689158434
121.21121215155799,31.284641689158434
121.20998414634792,31.28633523546963
121.21121215155799,31.284641689158434
121.21067853618385,31.28463425593908
121.21067853618385,31.28463425593908
121.21067853618385,31.28463425593908
121.21014492100697,31.284626820504922
121.21067853618385,31.28463425593908
121.2101534386936,31.28417603138878
121.21014492100697,31.284626820504922
121.21014492100697,31.284626820504922
121.20961982625012,31.284168593870987
121.20961982625012,31.284168593870987
121.20961982625012,31.284168593870987
121.20961982625012,31.284168593870987
121.2121942969643,31.28916444350056
121.2121942969643,31.28916444350056
121.2121942969643,31.28916444350056
121.2116606558316,31.28915701340066
121.2114073845172,31.289119934092916
121.21113552942286,31.288698792044745
121.2106104080934,31.28824056870209
121.21061892477424,31.28778977972486
121.21061892477424,31.28778977972486
121.21061892477424,31.28778977972486
121.2095772232226,31.286422538458346
121.2095772232226,31.286422538458346
121.2095857442109,31.28597174960838
121.2095857442109,31.28597174960838
121.2095942650078,31.285520960724664
121.2095942650078,31.285520960724664
121.2095942650078,31.285520960724664
121.21011084834711,31.28642997663196
121.21011084834711,31.28642997663196
121.21010232970379,31.286880765579326
121.21010232970379,31.286880765579326
121.21010232970379,31.286880765579326
121.21014817407091,31.28700054891439
121.21010232970379,31.286880765579326
121.21009381086911,31.287331554492937
121.21062744126377,31.287338990713863
121.21061892477424,31.28778977972486
121.21061892477424,31.28778977972486
121.2111440437584,31.288248002970175
121.2111440437584,31.288248002970175
121.21113552942286,31.288698792044745
121.2111440437584,31.288248002970175
121.2116606558316,31.28915701340066
121.2116606558316,31.28915701340066
121.21013640312901,31.28507760958731
121.21013640312901,31.28507760958731
121.21012788505972,31.285528398635943
121.21012788505972,31.285528398635943
121.2095857442109,31.28597174960838
121.2095857442109,31.28597174960838
121.20935773731846,31.28601077588353
121.2095857442109,31.28597174960838
121.2095857442109,31.28597174960838
121.2095857442109,31.28597174960838
121.2095772232226,31.286422538458346
121.2095772232226,31.286422538458346
121.2111440437584,31.288248002970175
121.2111440437584,31.288248002970175
121.2111440437584,31.288248002970175
121.21113552942286,31.288698792044745
121.21113552942286,31.288698792044745
121.21113552942286,31.288698792044745
121.21113552942286,31.288698792044745
121.2116606558316,31.28915701340066
121.2116606558316,31.28915701340066
121.2116606558316,31.28915701340066
121.2116521436503,31.289607802538782
121.2116521436503,31.289607802538782
121.21204142716631,31.28971962428988
121.21218578731973,31.2896152327697
121.212177277484,31.2900660220051
121.212177277484,31.2900660220051
121.21269390871623,31.29097502878325
121.21269390871623,31.29097502878325
121.21269390871623,31.29097502878325
121.21322756039042,31.290982454976525
121.21321905505518,31.291433244372598
121.21321905505518,31.291433244372598
121.21321054952888,31.29188403373491
121.2137442064741,31.291891457974643
121.2137442064741,31.291891457974643
121.2137442064741,31.291891457974643
121.21427786361629,31.291898879998936
121.21427786361629,31.291898879998936
121.21427786361629,31.291898879998936
121.21014492100697,31.284626820504922
121.21031595604099,31.28482662354494
121.21013640312901,31.28507760958731
121.21013640312901,31.28507760958731
121.21012788505972,31.285528398635943
121.21012788505972,31.285528398635943
121.2095942650078,31.285520960724664
121.2095942650078,31.285520960724664
121.2095942650078,31.285520960724664
121.2095857442109,31.28597174960838
121.2095857442109,31.28597174960838
121.2095857442109,31.28597174960838
121.2095857442109,31.28597174960838
121.2095772232226,31.286422538458346
121.2095857442109,31.28597174960838
121.2095857442109,31.28597174960838
121.2095772232226,31.286422538458346
121.2095772232226,31.286422538458346
121.21010232970379,31.286880765579326
121.21054636970177,31.28776384339174
121.2106104080934,31.28824056870209
121.2106104080934,31.28824056870209
121.21115255790268,31.287797213861843
121.21113552942286,31.288698792044745
121.21113552942286,31.288698792044745
121.21113552942286,31.288698792044745
121.2116606558316,31.28915701340066
121.2116606558316,31.28915701340066
121.2116606558316,31.28915701340066
121.2116521436503,31.289607802538782
121.2116521436503,31.289607802538782
121.21218578731973,31.2896152327697
121.212177277484,31.2900660220051
121.212177277484,31.2900660220051
121.212177277484,31.2900660220051
121.212177277484,31.2900660220051
121.212177277484,31.2900660220051
121.21227214596736,31.290070136374194
121.21270241639733,31.29052423948438
121.21270241639733,31.29052423948438
121.21322756039042,31.290982454976525
121.21321905505518,31.291433244372598
121.21321905505518,31.291433244372598
121.21321054952888,31.29188403373491
121.2137442064741,31.291891457974643
121.21427786361629,31.291898879998936
121.21427786361629,31.291898879998936
121.21428636406851,31.291448090374846
121.21329559619511,31.28737613859296
121.21645494376673,31.289674594868305
121.21061892477424,31.28778977972486
121.2095772232226,31.286422538458346
121.21167767962062,31.288255435023142
121.21113552942286,31.288698792044745
121.21005973361682,31.289134709809844
121.21025379514504,31.289176028579064
121.20897540320564,31.290021406604495
121.20790811335874,31.290006517082205
121.2096368661214,31.283267015799765
121.20846734038832,31.28866159789741
121.20846734038832,31.28866159789741
121.20900950228237,31.288218252607198
121.20900950228237,31.288218252607198
121.20900950228237,31.288218252607198
121.21008529184309,31.2877823433728
121.21008529184309,31.2877823433728
121.2106104080934,31.28824056870209
121.21166916782171,31.28870622422878
121.212177277484,31.2900660220051
121.21270241639733,31.29052423948438
121.21161809301299,31.291410958753758
121.21055078597075,31.29139609059759
121.21055078597075,31.29139609059759
121.21111468447572,31.291668737331396
121.21055078597075,31.29139609059759
121.20841617425457,31.291366327700686
121.20843323039868,31.29046475123464
121.20789958303719,31.290457305234575
121.20789958303719,31.290457305234575
121.2090521218201,31.285964309351023
121.20846734038832,31.28866159789741
121.20846734038832,31.28866159789741
121.20900950228237,31.288218252607198
121.20954313735533,31.2882256935206
121.20954313735533,31.2882256935206
121.21062744126377,31.287338990713863
121.20952609327318,31.289127270849196
121.20951757094498,31.289578059462855
121.20897540320564,31.290021406604495
121.20897540320564,31.290021406604495
121.20897540320564,31.290021406604495
121.20814965880507,31.290215648635527
121.2084247024224,31.290915539484537
121.21161809301299,31.291410958753758
121.20841617425457,31.291366327700686
121.20788252181926,31.291358881438022
121.20788252181926,31.291358881438022
121.20682375332014,31.29089319444447
121.20682375332014,31.29089319444447
121.20682375332014,31.29089319444447
121.20629864213852,31.29043495394265
121.2068152175415,31.291343982266596
121.2068152175415,31.291343982266596
121.2068152175415,31.291343982266596
121.20846734038832,31.28866159789741
121.20684935950568,31.28954083077549
121.2073915338734,31.289097492854832
121.20845881317824,31.28911238628237
121.2073915338734,31.289097492854832
121.20959264029307,31.288014408506733
121.2106104080934,31.28824056870209
121.2106104080934,31.28824056870209
121.21005973361682,31.289134709809844
121.20952609327318,31.289127270849196
121.20894982688743,31.29137377174797
121.20898392826206,31.289570618155807
121.20898392826206,31.289570618155807
121.20789958303719,31.290457305234575
121.20736593587328,31.290449857019226
121.20578207631354,31.28952592379409
121.2073915338734,31.289097492854832
121.20792517342703,31.289104940676186
121.20907769124521,31.284611942992232
121.20846734038832,31.28866159789741
121.20900097780041,31.288669041157156
121.20846734038832,31.28866159789741
121.20900097780041,31.288669041157156
121.20942076646693,31.288580321175473
121.20906064515326,31.285513520598514
121.20897540320564,31.290021406604495
121.20843323039868,31.29046475123464
121.20843323039868,31.29046475123464
121.20736593587328,31.290449857019226
121.20788252181926,31.291358881438022
121.20788252181926,31.291358881438022
121.2068152175415,31.291343982266596
121.2068152175415,31.291343982266596
121.20906916829496,31.285062731812253
121.21379522154488,31.289186720509047
121.20573937301035,31.291779861759217
121.20846734038832,31.28866159789741
121.20470624856226,31.28996179534943
121.20629864213852,31.29043495394265
121.20629864213852,31.29043495394265
121.20578207631354,31.28952592379409
121.20751889781616,31.286391059324774
121.20792517342703,31.289104940676186
121.20792517342703,31.289104940676186
121.20793370317377,31.28865415242252
121.20846734038832,31.28866159789741
121.20846734038832,31.28866159789741
121.20898392826206,31.289570618155807
121.20897540320564,31.290021406604495
121.20897540320564,31.290021406604495
121.21482001887057,31.291455510052867
121.20950052571426,31.290479636588888
121.2100256533026,31.290937864586624
121.2094834797178,31.291381213579893
121.2094834797178,31.291381213579893
121.2094834797178,31.291381213579893
121.20841617425457,31.291366327700686
121.20789958303719,31.290457305234575
121.20738300139836,31.28954828094339
121.20961001624913,31.288675422666483
121.20846734038832,31.28866159789741
121.20954313735533,31.2882256935206
121.21008529184309,31.2877823433728
121.21007677262568,31.2882331322189
121.2106104080934,31.28824056870209
121.2106104080934,31.28824056870209
121.21005973361682,31.289134709809844
121.20951757094498,31.289578059462855
121.20951757094498,31.289578059462855
121.20951757094498,31.289578059462855
121.20897540320564,31.290021406604495
121.20950904842535,31.290028848042756
121.20950052571426,31.290479636588888
121.2100256533026,31.290937864586624
121.2100256533026,31.290937864586624
121.21001713274559,31.291388653196424
121.2094834797178,31.291381213579893
121.21001884557705,31.291637680865893
121.20629010401476,31.29088574166713
121.20629010401476,31.29088574166713
121.20629010401476,31.29088574166713
121.20629010401476,31.29088574166713
121.20629010401476,31.29088574166713
121.20522280599738,31.290870829466492
121.20469770301986,31.290412582713195
121.20469770301986,31.290412582713195
121.20469770301986,31.290412582713195
121.20470624856226,31.28996179534943
121.20470624856226,31.28996179534943
121.20470624856226,31.28996179534943
121.20524843501418,31.289518466980585
121.20578207631354,31.28952592379409
121.20631571781072,31.289533378392388
121.20631571781072,31.289533378392388
121.20631571781072,31.289533378392388
121.20717760464387,31.289403743671826
121.20684935950568,31.28954083077549
121.20738300139836,31.28954828094339
121.21062744126377,31.287338990713863
121.20632425535918,31.28908259056662
121.20908621400402,31.284161154138456
121.20792517342703,31.289104940676186
121.20792517342703,31.289104940676186
121.20792517342703,31.289104940676186
121.20846734038832,31.28866159789741
121.20846734038832,31.28866159789741
121.20900950228237,31.288218252607198
121.20900950228237,31.288218252607198
121.21061892477424,31.28778977972486
121.21060189122126,31.288691357645572
121.21005973361682,31.289134709809844
121.20951757094498,31.289578059462855
121.20843323039868,31.29046475123464
121.2086845559881,31.2903291050735
121.20790811335874,31.290006517082205
121.21113552942286,31.288698792044745
121.20522280599738,31.290870829466492
121.20736593587328,31.290449857019226
121.20470624856226,31.28996179534943
121.20573937301035,31.291779861759217
121.20573083177418,31.292230649250936
121.20572229034616,31.29268143670889
121.2051886312884,31.292673978974932
121.20522280599738,31.290870829466492
121.20518008713137,31.293124766267624
121.2051886312884,31.292673978974932
121.20464642573437,31.29311730618666
121.20518008713137,31.293124766267624
121.20519717525349,31.292223191648475
121.20467206524094,31.291764944601894
121.20693470099657,31.28503294968424
121.20592166222795,31.290114630898778
121.20575645490715,31.290878286674474
121.20629864213852,31.29043495394265
121.20629864213852,31.29043495394265
121.20909473657137,31.28371036525092
121.20578207631354,31.28952592379409
121.20578207631354,31.28952592379409
121.205256977636,31.289067679417744
121.20526552006595,31.288616891821132
121.20474042881241,31.28815864555663
121.20470624856226,31.28996179534943
121.20693470099657,31.28503294968424
121.20585039162371,31.285919621293992
121.20693470099657,31.28503294968424
121.20693470099657,31.28503294968424
121.20693470099657,31.28503294968424
121.20639254884335,31.285476286744842
121.20801046227318,31.28459705662039
121.20885968317178,31.283568220176495
121.20908621400402,31.284161154138456
121.2096113060274,31.28461938285597
121.2096113060274,31.28461938285597
121.2096113060274,31.28461938285597
121.21379522154488,31.289186720509047
121.21381222504066,31.288285141083847
121.21381222504066,31.288285141083847
121.21328709238811,31.287826928259037
121.21328709238811,31.287826928259037
121.21329559619511,31.28737613859296
121.21329559619511,31.28737613859296
121.2133040998111,31.286925348893156
121.21321905505518,31.291433244372598
121.21279598827803,31.285565554969207
121.21280449366623,31.285114765265334
121.21281299886337,31.284663975527707
121.21281299886337,31.284663975527707
121.21173866659728,31.284474333505536
121.21013640312901,31.28507760958731
121.2116606558316,31.28915701340066
121.21428636406851,31.291448090374846
121.21010232970379,31.286880765579326
121.21010232970379,31.286880765579326
121.2095687020429,31.28687332727454
121.2095772232226,31.286422538458346
121.2095857442109,31.28597174960838
121.2095857442109,31.28597174960838
121.2095942650078,31.285520960724664
121.21013640312901,31.28507760958731
121.20961982625012,31.284168593870987
121.20961982625012,31.284168593870987
121.21013640312901,31.28507760958731
121.2095942650078,31.285520960724664
121.2095857442109,31.28597174960838
121.2095857442109,31.28597174960838
121.21135096599468,31.287831431850428
121.21010232970379,31.286880765579326
121.21008529184309,31.2877823433728
121.21061892477424,31.28778977972486
121.21113552942286,31.288698792044745
121.21113552942286,31.288698792044745
121.21113552942286,31.288698792044745
121.21113552942286,31.288698792044745
121.2116606558316,31.28915701340066
121.21381222504066,31.288285141083847
121.21381222504066,31.288285141083847
121.21328709238811,31.287826928259037
121.21381222504066,31.288285141083847
121.21329559619511,31.28737613859296
121.21329559619511,31.28737613859296
121.21014492100697,31.284626820504922
121.21279598827803,31.285565554969207
121.21281299886337,31.284663975527707
121.21228063905679,31.284941938796727
121.21174576712933,31.284649120162996
121.21174576712933,31.284649120162996
121.21121215155799,31.284641689158434
121.21067853618385,31.28463425593908
121.21014492100697,31.284626820504922
121.2116606558316,31.28915701340066
121.21218578731973,31.2896152327697
121.21113552942286,31.288698792044745
121.21008529184309,31.2877823433728
121.21011084834711,31.28642997663196
121.2095772232226,31.286422538458346
121.2095772232226,31.286422538458346
121.2095942650078,31.285520960724664
121.21013640312901,31.28507760958731
121.21013640312901,31.28507760958731
121.2096113060274,31.28461938285597
121.21014492100697,31.284626820504922
121.20893964208116,31.28453004842155
121.21067853618385,31.28463425593908
121.21121215155799,31.284641689158434
121.21121215155799,31.284641689158434
121.21121215155799,31.284641689158434
121.21121215155799,31.284641689158434
121.21121215155799,31.284641689158434
121.21174576712933,31.284649120162996
121.21174576712933,31.284649120162996
121.21174576712933,31.284649120162996
121.2122793828978,31.284656548952753
121.2122793828978,31.284656548952753
121.21173725685985,31.285099909638642
121.21173725685985,31.285099909638642
121.21227087516449,31.285107338559413
121.21226236724007,31.285558128132315
121.2117287463992,31.285550699080545
121.21225385912453,31.286008917671477
121.2121488996302,31.285939157075674
121.21277897692846,31.28646713427572
121.21277897692846,31.28646713427572
121.213261579821,31.289179297054755
121.21277047096709,31.28691792387835
121.213261579821,31.289179297054755
121.213261579821,31.289179297054755
121.21329559619511,31.28737613859296
121.21329559619511,31.28737613859296
121.21328709238811,31.287826928259037
121.2138207265021,31.287834351320633
121.2138207265021,31.287834351320633
121.21272793829412,31.289171871385253
121.21272793829412,31.289171871385253
121.21380372338825,31.28873593081332
121.21380372338825,31.28873593081332
121.213261579821,31.289179297054755
121.213261579821,31.289179297054755
121.21331616163368,31.28917582184054
121.213261579821,31.289179297054755
121.213261579821,31.289179297054755
121.21272793829412,31.289171871385253
121.21272793829412,31.289171871385253
121.21272793829412,31.289171871385253
121.2121942969643,31.28916444350056
121.2121942969643,31.28916444350056
121.2121942969643,31.28916444350056
121.2121942969643,31.28916444350056
121.2116606558316,31.28915701340066
121.2116521436503,31.289607802538782
121.21166916782171,31.28870622422878
121.21113552942286,31.288698792044745
121.2111440437584,31.288248002970175
121.21167767962062,31.288255435023142
121.21167767962062,31.288255435023142
121.21167767962062,31.288255435023142
121.21337948110433,31.29067415284298
121.21167767962062,31.288255435023142
121.21167767962062,31.288255435023142
121.21167767962062,31.288255435023142
121.21379522154488,31.289186720509047
121.2111440437584,31.288248002970175
121.2111440437584,31.288248002970175
121.2111440437584,31.288248002970175
121.2111440437584,31.288248002970175
121.2111440437584,31.288248002970175
121.2111440437584,31.288248002970175
121.21061892477424,31.28778977972486
121.21061892477424,31.28778977972486
121.21061892477424,31.28778977972486
121.21061892477424,31.28778977972486
121.21061892477424,31.28778977972486
121.21062744126377,31.287338990713863
121.21062744126377,31.287338990713863
121.21032178672175,31.287923087925396
121.2095772232226,31.286422538458346
121.21011084834711,31.28642997663196
121.21011084834711,31.28642997663196
121.2095772232226,31.286422538458346
121.2095857442109,31.28597174960838
121.2095857442109,31.28597174960838
121.2095942650078,31.285520960724664
121.2095942650078,31.285520960724664
121.21013640312901,31.28507760958731
121.2117287463992,31.285550699080545
121.21013640312901,31.28507760958731
121.21014492100697,31.284626820504922
121.21014492100697,31.284626820504922
121.21014492100697,31.284626820504922
121.21014492100697,31.284626820504922
121.21014492100697,31.284626820504922
121.21014492100697,31.284626820504922
121.20966134606456,31.284310080986504
121.2096113060274,31.28461938285597
121.20961982625012,31.284168593870987
121.20961982625012,31.284168593870987
121.20961982625012,31.284168593870987
121.20961982625012,31.284168593870987
121.20961982625012,31.284168593870987
121.21325307524991,31.289630086585817
121.21014492100697,31.284626820504922
121.20961982625012,31.284168593870987
121.20961982625012,31.284168593870987
121.20961982625012,31.284168593870987
121.20961982625012,31.284168593870987
121.20961982625012,31.284168593870987
121.20961982625012,31.284168593870987
121.20961982625012,31.284168593870987
121.20961982625012,31.284168593870987
121.21014492100697,31.284626820504922
121.20996294357037,31.284695412923096
121.21014492100697,31.284626820504922
121.20909473657137,31.28371036525092
121.21010232970379,31.286880765579326
121.21062744126377,31.287338990713863
121.2111440437584,31.288248002970175
121.21061892477424,31.28778977972486
121.21113552942286,31.288698792044745
121.2116606558316,31.28915701340066
121.2116606558316,31.28915701340066
121.2073915338734,31.289097492854832
121.212177277484,31.2900660220051
121.21269390871623,31.29097502878325
121.21321054952888,31.29188403373491
121.21321054952888,31.29188403373491
121.2137442064741,31.291891457974643
121.2142948643298,31.290997300717
121.2142948643298,31.290997300717
121.21437966579596,31.291233821450774
121.21379522154488,31.289186720509047
121.21380372338825,31.28873593081332
121.21381222504066,31.288285141083847
121.21381222504066,31.288285141083847
121.21328709238811,31.287826928259037
121.21328709238811,31.287826928259037
121.21276196481463,31.287368713447226
121.2133040998111,31.286925348893156
121.20961982625012,31.284168593870987
121.2096113060274,31.28461938285597
121.21332960951301,31.28557297959121
121.21281299886337,31.284663975527707
121.2122793828978,31.284656548952753
121.21121215155799,31.284641689158434
121.21067853618385,31.28463425593908
121.21014492100697,31.284626820504922
121.21014492100697,31.284626820504922
121.20918800631856,31.285126628069264
121.21012788505972,31.285528398635943
121.2095772232226,31.286422538458346
121.21010232970379,31.286880765579326
121.21010232970379,31.286880765579326
121.21061892477424,31.28778977972486
121.2068152175415,31.291343982266596
121.2116606558316,31.28915701340066
121.21379522154488,31.289186720509047
121.21381222504066,31.288285141083847
121.21381222504066,31.288285141083847
121.21328709238811,31.287826928259037
121.21329559619511,31.28737613859296
121.21383772885211,31.28693277169295
121.21383772885211,31.28693277169295
121.20419824820756,31.288601972074716
121.21280449366623,31.285114765265334
121.21281299886337,31.284663975527707
121.21250606311881,31.284494036998176
121.21014492100697,31.284626820504922
121.21121215155799,31.284641689158434
121.21121215155799,31.284641689158434
121.20961982625012,31.284168593870987
121.21014492100697,31.284626820504922
121.21012788505972,31.285528398635943
121.2095942650078,31.285520960724664
121.2095772232226,31.286422538458346
121.2095772232226,31.286422538458346
121.21010232970379,31.286880765579326
121.21062744126377,31.287338990713863
121.2111440437584,31.288248002970175
121.2111440437584,31.288248002970175
121.21113552942286,31.288698792044745
121.2116606558316,31.28915701340066
121.21113552942286,31.288698792044745
121.2095772232226,31.286422538458346
121.20824965345606,31.285589386522183
121.21012788505972,31.285528398635943
121.21012788505972,31.285528398635943
121.21012788505972,31.285528398635943
121.21013640312901,31.28507760958731
121.21013640312901,31.28507760958731
121.21012788505972,31.285528398635943
121.21014492100697,31.284626820504922
121.21012788505972,31.285528398635943
121.21012788505972,31.285528398635943
121.2095857442109,31.28597174960838
121.2095772232226,31.286422538458346
121.21010232970379,31.286880765579326
121.21062744126377,31.287338990713863
121.21061892477424,31.28778977972486
121.20629864213852,31.29043495394265
121.21061892477424,31.28778977972486
121.2116606558316,31.28915701340066
121.21079378116671,31.288811445800334
121.2095687020429,31.28687332727454
121.20961982625012,31.284168593870987
121.2095772232226,31.286422538458346
121.2095772232226,31.286422538458346
121.20574791405467,31.291329074233726
121.20906916829496,31.285062731812253
121.20907769124521,31.284611942992232
121.20908621400402,31.284161154138456
121.20908621400402,31.284161154138456
121.20908621400402,31.284161154138456
121.20907769124521,31.284611942992232
121.20909473657137,31.28371036525092
121.20906916829496,31.285062731812253
121.20906916829496,31.285062731812253
121.2095857442109,31.28597174960838
121.21010232970379,31.286880765579326
121.21062744126377,31.287338990713863
121.21020347060922,31.28869497081493
121.21061892477424,31.28778977972486
121.2116606558316,31.28915701340066
121.2116606558316,31.28915701340066
121.2116521436503,31.289607802538782
121.21218578731973,31.2896152327697
121.21218578731973,31.2896152327697
121.21321905505518,31.291433244372598
121.21321054952888,31.29188403373491
121.20734886958154,31.291351432959996
121.21428636406851,31.291448090374846
121.21482001887057,31.291455510052867
121.213261579821,31.289179297054755
121.21328709238811,31.287826928259037
121.21328709238811,31.287826928259037
121.21380372338825,31.28873593081332
121.21380372338825,31.28873593081332
121.21328709238811,31.287826928259037
121.21343451361875,31.288313728181294
121.21383772885211,31.28693277169295
121.21383772885211,31.28693277169295
121.20961982625012,31.284168593870987
121.21332960951301,31.28557297959121
121.21280449366623,31.285114765265334
121.2122793828978,31.284656548952753
121.21281299886337,31.284663975527707
121.21174576712933,31.284649120162996
121.21174576712933,31.284649120162996
121.21067853618385,31.28463425593908
121.20907769124521,31.284611942992232
121.21010232970379,31.286880765579326
121.21062744126377,31.287338990713863
121.21061892477424,31.28778977972486
121.21061892477424,31.28778977972486
121.21061892477424,31.28778977972486
121.2116606558316,31.28915701340066
121.20993442933687,31.28941739351866
121.21218578731973,31.2896152327697
121.2095857442109,31.28597174960838
121.20907769124521,31.284611942992232
121.20734886958154,31.291351432959996
121.20906064515326,31.285513520598514
121.2095772232226,31.286422538458346
121.2095772232226,31.286422538458346
121.21010232970379,31.286880765579326
121.21010232970379,31.286880765579326
121.21010232970379,31.286880765579326
121.21061892477424,31.28778977972486
121.2116606558316,31.28915701340066
121.21166916782171,31.28870622422878
121.21218578731973,31.2896152327697
121.212177277484,31.2900660220051
121.2116521436503,31.289607802538782
121.21167767962062,31.288255435023142
121.2150196811659,31.291030730683293
121.21428636406851,31.291448090374846
121.21428636406851,31.291448090374846
121.2142948643298,31.290997300717
121.2142948643298,31.290997300717
121.21376971486892,31.290539089393725
121.213261579821,31.289179297054755
121.21381222504066,31.288285141083847
121.21379522154488,31.289186720509047
121.21379522154488,31.289186720509047
121.21379522154488,31.289186720509047
121.21379522154488,31.289186720509047
121.213261579821,31.289179297054755
121.213261579821,31.289179297054755
121.213261579821,31.289179297054755
121.21272793829412,31.289171871385253
121.21272793829412,31.289171871385253
121.21272793829412,31.289171871385253
121.21310392870261,31.289272097579165
121.21325307524991,31.289630086585817
121.21325307524991,31.289630086585817
121.21325307524991,31.289630086585817
121.21325307524991,31.289630086585817
121.21325307524991,31.289630086585817
121.21325307524991,31.289630086585817
121.21325307524991,31.289630086585817
121.21325307524991,31.289630086585817
121.21325307524991,31.289630086585817
121.21325307524991,31.289630086585817
121.21325307524991,31.289630086585817
121.21325307524991,31.289630086585817
121.21325307524991,31.289630086585817
121.21325307524991,31.289630086585817
121.21325307524991,31.289630086585817
121.21325307524991,31.289630086585817
121.21325307524991,31.289630086585817
121.21295900216917,31.28901975420519
121.21325307524991,31.289630086585817
121.21325307524991,31.289630086585817
121.21325307524991,31.289630086585817
121.21325307524991,31.289630086585817
121.21325307524991,31.289630086585817
121.21325307524991,31.289630086585817
121.21325307524991,31.289630086585817
121.21325307524991,31.289630086585817
121.21325307524991,31.289630086585817
121.21325307524991,31.289630086585817
121.21325307524991,31.289630086585817
121.21325307524991,31.289630086585817
121.21325307524991,31.289630086585817
121.21325307524991,31.289630086585817
121.21325307524991,31.289630086585817
121.21325307524991,31.289630086585817
121.21325307524991,31.289630086585817
121.21312701109002,31.289718947539093
121.21325307524991,31.289630086585817
121.21325307524991,31.289630086585817
121.21325307524991,31.289630086585817
121.21325307524991,31.289630086585817
121.21325307524991,31.289630086585817
121.21325307524991,31.289630086585817
121.21325307524991,31.289630086585817
121.21325307524991,31.289630086585817
121.21325307524991,31.289630086585817
121.21325307524991,31.289630086585817
121.21325307524991,31.289630086585817
121.21325307524991,31.289630086585817
121.21325307524991,31.289630086585817
121.21325307524991,31.289630086585817
121.21325307524991,31.289630086585817
121.21325307524991,31.289630086585817
121.21325307524991,31.289630086585817
121.21338316629252,31.289643579617575
121.21325307524991,31.289630086585817
121.21325307524991,31.289630086585817
121.21325307524991,31.289630086585817
121.21325307524991,31.289630086585817
121.21325307524991,31.289630086585817
121.21325307524991,31.289630086585817
121.21325307524991,31.289630086585817
121.2068152175415,31.291343982266596
121.2138207265021,31.287834351320633
121.21329559619511,31.28737613859296
121.21221982475117,31.2878120754906
121.21329559619511,31.28737613859296
121.2133040998111,31.286925348893156
121.21383772885211,31.28693277169295
121.21062744126377,31.287338990713863
121.21332960951301,31.28557297959121
121.21280449366623,31.285114765265334
121.21281681271286,31.284464533589457
121.21014492100697,31.284626820504922
121.21174576712933,31.284649120162996
121.21121215155799,31.284641689158434
121.21121215155799,31.284641689158434
121.21014492100697,31.284626820504922
121.20961982625012,31.284168593870987
121.20961982625012,31.284168593870987
121.2101534386936,31.28417603138878
121.20961982625012,31.284168593870987
121.21013640312901,31.28507760958731
121.2095942650078,31.285520960724664
121.2095942650078,31.285520960724664
121.2095942650078,31.285520960724664
121.2095857442109,31.28597174960838
121.21383772885211,31.28693277169295
121.21113552942286,31.288698792044745
121.21113552942286,31.288698792044745
121.21052220064348,31.28918202411199
121.2116606558316,31.28915701340066
121.21379522154488,31.289186720509047
121.21381222504066,31.288285141083847
121.21381222504066,31.288285141083847
121.2138207265021,31.287834351320633
121.2138207265021,31.287834351320633
121.21168619122834,31.28780464578376
121.21168619122834,31.28780464578376
121.21061892477424,31.28778977972486
121.21008529184309,31.2877823433728
121.21061892477424,31.28778977972486
121.21010232970379,31.286880765579326
121.21010232970379,31.286880765579326
121.20906064515326,31.285513520598514
121.21277897692846,31.28646713427572
121.20907769124521,31.284611942992232
121.20908621400402,31.284161154138456
121.20803708152029,31.283777754714947
121.20906916829496,31.285062731812253
121.20906916829496,31.285062731812253
121.20907769124521,31.284611942992232
121.20629864213852,31.29043495394265
121.20909473657137,31.28371036525092
121.21062744126377,31.287338990713863
121.21061892477424,31.28778977972486
121.21167767962062,31.288255435023142
121.2116606558316,31.28915701340066
121.2116606558316,31.28915701340066
121.2116606558316,31.28915701340066
121.21427786361629,31.291898879998936
121.21270241639733,31.29052423948438
121.212177277484,31.2900660220051
121.21321054952888,31.29188403373491
121.21428636406851,31.291448090374846
121.21428636406851,31.291448090374846
121.21431472832394,31.292222949475512
121.21379522154488,31.289186720509047
121.21380372338825,31.28873593081332
121.21381222504066,31.288285141083847
121.2132785883901,31.28827771789135
121.21276196481463,31.287368713447226
121.21221982475117,31.2878120754906
121.21061892477424,31.28778977972486
121.2106104080934,31.28824056870209
121.21061892477424,31.28778977972486
121.21009381086911,31.287331554492937
121.21009381086911,31.287331554492937
121.21010232970379,31.286880765579326
121.2090521218201,31.285964309351023
121.2090521218201,31.285964309351023
121.2095942650078,31.285520960724664
121.2096113060274,31.28461938285597
121.2095857442109,31.28597174960838
121.20870824185215,31.28716765401679
121.21009381086911,31.287331554492937
121.21010232970379,31.286880765579326
121.210635957562,31.28688820166912
121.21062744126377,31.287338990713863
121.2111440437584,31.288248002970175
121.2111440437584,31.288248002970175
121.2111440437584,31.288248002970175
121.2116606558316,31.28915701340066
121.2116606558316,31.28915701340066
121.21166916782171,31.28870622422878
121.21113552942286,31.288698792044745
121.2111440437584,31.288248002970175
121.21010232970379,31.286880765579326
121.2095772232226,31.286422538458346
121.21013640312901,31.28507760958731
121.2095942650078,31.285520960724664
121.21013640312901,31.28507760958731
121.21015376929171,31.28446353207246
121.21014492100697,31.284626820504922
121.20961982625012,31.284168593870987
121.21014492100697,31.284626820504922
121.21014492100697,31.284626820504922
121.21012788505972,31.285528398635943
121.21281299886337,31.284663975527707
121.20906064515326,31.285513520598514
121.20906064515326,31.285513520598514
121.20632425535918,31.28908259056662
121.2090521218201,31.285964309351023
121.20847586740689,31.288210809478706
121.20847586740689,31.288210809478706
121.2095942650078,31.285520960724664
121.2095942650078,31.285520960724664
121.2095772232226,31.286422538458346
121.2095772232226,31.286422538458346
121.2107211100238,31.28238030936523
121.21109716853711,31.287469320763243
121.21061892477424,31.28778977972486
121.2106104080934,31.28824056870209
121.2116606558316,31.28915701340066
121.2116606558316,31.28915701340066
